cluster,"('age_years', 'count')","('age_years', 'mean')","('age_years', 'std')","('age_years', 'min')","('age_years', 'max')","('complexity_score', 'count')","('complexity_score', 'mean')","('complexity_score', 'std')","('complexity_score', 'min')","('complexity_score', 'max')",age_years_25%,age_years_median,age_years_75%,complexity_score_25%,complexity_score_median,complexity_score_75%
1,13,2.5876923076923077,0.7387845180447167,1.57,4.08,13,4.3076923076923075,1.3774744634423888,1,5,2.22,2.5,2.75,5.0,5.0,5.0
2,12,2.8175000000000003,0.47928213365027866,2.06,3.57,12,4.666666666666667,0.6513389472789296,3,5,2.525,2.72,3.135,4.75,5.0,5.0
3,7,2.8185714285714285,0.8429596386428903,1.41,3.86,7,4.428571428571429,1.1338934190276817,2,5,2.4450000000000003,2.82,3.375,4.5,5.0,5.0
4,28,2.835714285714286,0.593236125441717,1.83,3.96,28,4.785714285714286,0.5681120688308978,3,5,2.4475,2.7800000000000002,3.19,5.0,5.0,5.0
5,17,2.296470588235294,0.74749532754786,1.35,3.5,17,3.411764705882353,1.769845456862398,1,5,1.68,2.33,2.7,1.0,4.0,5.0
