cluster,F,M
1,0.6923076923076923,0.3076923076923077
2,0.75,0.25
3,0.2857142857142857,0.7142857142857143
4,0.6428571428571429,0.35714285714285715
5,0.7647058823529411,0.23529411764705882
