cluster,articulation,fluency,language,motor_speech
1,0.3076923076923077,0.0,0.38461538461538464,0.3076923076923077
2,0.3333333333333333,0.16666666666666666,0.5,0.0
3,0.0,0.2857142857142857,0.5714285714285714,0.14285714285714285
4,0.32142857142857145,0.03571428571428571,0.42857142857142855,0.21428571428571427
5,0.5294117647058824,0.11764705882352941,0.17647058823529413,0.17647058823529413
